http://a1webdirectory.net/recreation_and_sports/automotive/;new cars, used cars and car leasing;http://www.buyyourcar.co.uk/;50.116.64.147
http://a30.biz/car-insurance-finding-tips.htm;www.buyyourcar.co.uk;http://www.buyyourcar.co.uk/car-insurance.aspx;204.50.22.7
http://a30.biz/car-leasing-facts-you-need-to-know.htm;www.buyyourcar.co.uk;http://www.buyyourcar.co.uk/Contract-Hire.aspx;204.50.22.7
http://a30.biz/car-loans-tips-and-recommendations.htm;www.buyyourcar.co.uk;http://www.buyyourcar.co.uk/loans.aspx;204.50.22.7
http://a30.biz/car-reviews-tips-and-tricks.htm;www.buyyourcar.co.uk;http://www.buyyourcar.co.uk/Car-Reviews.aspx;204.50.22.7
http://abalive2.com/category/shopping;used cars;http://www.buyyourcar.co.uk/used-car.aspx;174.136.57.140
http://abalive2.com/shopping/cheapest-used-cars-online.htm;used cars;http://www.buyyourcar.co.uk/used-car.aspx;174.136.57.140
http://aboutmypregnancy.blogspot.com/2009/09/buy-your-used-car.html;car leasing;http://www.buyyourcar.co.uk/new-car-lease;173.194.41.140
http://aboutwildlife.blogspot.com/2010/03/used-cars.html;used cars;http://www.buyyourcar.co.uk/used-car.aspx;173.194.41.138
http://aboutwildlife.blogspot.com/2010_03_06_archive.html;used cars;http://www.buyyourcar.co.uk/used-car.aspx;173.194.41.138
http://acarbuyersguide.com/buy-2nd-hand-car/;buy 2nd hand car;http://www.buyyourcar.co.uk/used-car.aspx;74.52.17.77
http://adamsheaven.blogspot.com/2008/08/buy-your-car.html;LandRover;http://www.buyyourcar.co.uk/used-car/land-rover.aspx;173.194.41.138
http://addsitefree.com/index.php?c=377&p=61;used cars and uk used car;http://www.buyyourcar.co.uk/used-car.aspx;216.172.182.2
http://addsitefree.com/index.php?c=377&p=81;used cars and uk used car;http://www.buyyourcar.co.uk/used-car.aspx;216.172.182.2
http://adjunctprofessoring.blogspot.com/2008/05/cost-of-adjuncting.html;used toyota;http://www.buyyourcar.co.uk/used-car/toyota.aspx;173.194.41.140
http://adjunctprofessoring.blogspot.com/2008_05_01_archive.html;used toyota;http://www.buyyourcar.co.uk/used-car/toyota.aspx;173.194.41.140
http://adorough.blogspot.com/2010/03/check-them-out.html;used cars;http://www.buyyourcar.co.uk/used-car.aspx;173.194.41.139
http://adp.pccu.edu.tw/Highschool/discussion1/viewtopic.php?CID=2&Topic_ID=22&no=15;used cars;http://www.buyyourcar.co.uk/used-car.aspx;140.137.123.1
http://adp.pccu.edu.tw/student/viewtopic.php?CID=2&Topic_ID=22&no=15;used cars;http://www.buyyourcar.co.uk/used-car.aspx;140.137.123.1
